{
  "JUP6LkbZbjS1jKKwapdHNy74zcZ3tLUZoi5QNyVTaV4": "Jupiter Aggregator v6",
  "675kPX9MHTjS2zt1qfr1NYHuzeLXfQM9H24wFSUt1Mp8": "Raydium Liquidity Pool v4",
  "whirLbMiicVdio4qvUfM5KAg6Ct8VwpYzGff3uctyCc": "Orca",
  "2wT8Yq49kHgDzXuPxZSaeLaH1qbmGXtEyPy64bL7aD3c": "Lifinity Swap V2",
  "SoLFiHG9TfgtdUXUjWAxi3LtvYuFyDLVhBWxdMZxyCe": "SolFi",
  "CAMMCzo5YL8w4VFF8KVHrK22GGUsp5VTaW7grrKgrWqK": "Raydium Concentrated Liquidity",
  "LBUZKhRxPF3XUpBCjp4YzTKgLccjZhTSDM9YuVaPwxo": "Meteora DLMM Program",
  "6EF8rrecthR5Dkzon8Nwu78hRvfCKubJ14M5uBEwF6P": "Pump.fun",
  "6m2CDdhRgxpH4WjvdzxAYbGxwdGUz5MziiL5jek2kBma": "OKX DEX: Aggregation Router V2",
  "opnb2LAfJYbRMAHHvqjCwQxanZn7ReEHp1k81EohpZb": "Openbook V2",
  "PhoeNiXZ8ByJGLkxNfZRnkUfjvmuYqLR89jjFHGqdXY": "Phoenix",
  "routeUGWgWzqBWFcrCfv8tritsqukccJPu3q5GPP3xS": "Raydium AMM Routing",
  "Eo7WjKq67rjJQSZxS6z3YkapzY3eMj6Xy8X5EQVn5UaB": "Meteora Pools Program",
  "CPMMoo8L3F4NbTegBCKVNunggL7H1ZpdTHKxQB5qKP1C": "Raydium CPMM",
  "PERPHjGBqRHArX4DySjwM6UJHiR3sWAatqfdBS2qQJu": "Jupiter Labs Perpetuals",
  "NUMERUNsFCP3kuNmWZuXtm1AaQCPj9uw6Guv2Ekoi5P": "Numeraire",
  "FLUXubRmkEi2q6K3Y9kBPg9248ggaZVsoSFhtJHSrm1X": "Fluxbeam Program",
  "DecZY86MU5Gj7kppfUCEmd4LbXXuyZH1yHaP2NTqdiZB": "Saber Decimal Wrapper",
  "dRiftyHA39MWEi3m9aunc5MzRF1JYuBsbn6VPcn33UH": "Drift V2 Program",
  "b1oomGGqPKGD6errbyfbVMBuzSC8WtAAYo8MwNafWW1": "Bloom Router",
  "FqGg2Y1FNxMiGd51Q6UETixQWkF5fB92MysbYogRJb3P": "Hawksight Program",
  "5ocnV1qiCgaQR8Jb8xWnVbApfaygJ8tNoZfgPwsgx9kx": "Sanctum Program",
  "5quBtoiQqxF9Jv6KYKctB59NT3gtJD2Y65kdnB1Uev3h": "Raydium Liquidity Pool AMM",
  "SSwpkEEcbUqx4vtoEByFjSkhKdCT862DNVb52nZg1UZ": "Saber Stable Swap",
  "9W959DqEETiGZocYWCQPaJ6sBmUzgfxXfqGeTEdp3aQP": "Orca Token Swap V2",
  "DEXYosS6oEGvk8uCDayvwEZz4qEyDJRf9nFgYCaqPMTm": "1Dex Program",
  "stkitrT1Uoy18Dk1fTrgPw8W6MVzoCfYoAFT4MLsmhq": "Sanctum Router Program",
  "SQDS4ep65T869zMMBKyuUq6aD6EgTu8psMjkvj52pCf": "Squads Program ID V4",
  "H8W3ctz92svYg6mkn1UtGfu2aQr2fnUFHM1RhScEtQDt": "Cropper Whirlpool",
  "Dooar9JkhdZ7J3LHN3A7YCuoGRUggXhQaG4kijfLGU2j": "StepN DOOAR Swap",
  "HyaB3W9q6XdA5xwpU4XnSZV94htfmbmqJXZcEbRaJutt": "Invariant Swap",
  "JUP4Fb2cqiRUcaTHdrPC8h2gNsA2ETXiPDD33WcGuJB": "Jupiter Aggregator v4",
  "BANANAjs7FJiPQqJTGFzkZJndT9o7UmKiYYGaJz6frGu": "Banana Gun: Router",
  "SSwapUtytfBdBn1b9NUGG6foMVPtcWgpRU32HToDUZr": "Saros AMM",
  "DSwpgjMvXhtGn6BsbqmacdBZyfLj6jSWf3HJpdJtmg6N": "Dexlab Swap",
  "MERLuDFBMmsHnsBPZw2sDQZHvXFMwp8EdjudcU2HKky": "Mercurial Stable Swap",
  "BSwp6bEBihVLdqJRKGgzjcGLHkcTuzmSo1TQkHepzH8p": "BonkSwap",
  "MaestroAAe9ge5HTc64VbBQZ6fP77pwvrhM8i1XWSAx": "Maestro Bot",
  "ComputeBudget111111111111111111111111111111": "Compute Budget Program",
  "LocpQgucEQHbqNABEYvBvwoxCPsSbG91A1QaQhQQqjn": "Jupiter Lock Program",
  "5Q544fKrFoe6tsEbD7S8EmxGTJYAKtTVhAW5Q5pge4j1": "Raydium Authority V4",
  "11111111111111111111111111111111": "Wallet"
}
